# GIRO Tabulated Ionospheric Characteristics, Version 1.0 Revision B
# Generated by DIDB GetValues on 20245386-15T20:24:58.703Z
#
# Location: GEO 30.4N 262.3E, URSI-Code AU930 AUSTIN
# Instrument: Ionosonde, Model: DGS-256
#
# Query for measurement intervals of time:
# 2024-04-08T00:0Z -2024-045391T00:00:00.000Z
#
# Data Selection:
# CS is Autoscaling Confidence Score (from 0 to 100, 999 if manual scaling, -1 if unknown)
#
# All GIROmeasurements are released under CC-BY-NC-SA 4.0 license
# Please followthe Lowell GIRO Data Center RULES OF THE ROAD
# https://ulcar.uml.edu/DIDBase/RulesOfTheRoadForDIDBase.htm
# Requires acknowledgement of AU930 data provider
#
DateTime,hmF2,hmF2_CS,hmF1,hmF1_CS,hmE,hmE_CS,foF2,foF2_CS,foF1,foF1_CS,foE,foE_CS
2024-04-08 00:00:00,267.3,50.0,,,110.0,50.0,10.6,50.0,,,,
2024-04-08 00:05:00,278.4,100.0,,,89.9,100.0,11.35,100.0,,,2.22,100.0
2024-04-08 00:10:00,260.0,100.0,,,110.0,100.0,10.35,100.0,,,,
2024-04-08 00:15:00,278.0,100.0,,,110.0,100.0,11.3,100.0,,,2.32,100.0
2024-04-08 00:20:00,272.0,100.0,,,110.0,100.0,11.3,100.0,,,,
2024-04-08 00:25:00,280.4,100.0,,,110.0,100.0,11.35,100.0,,,,
2024-04-08 00:30:00,272.7,70.0,,,110.0,70.0,11.15,70.0,,,,
2024-04-08 00:35:00,270.9,100.0,,,103.0,100.0,11.25,100.0,,,1.92,100.0
2024-04-08 00:40:00,272.6,100.0,,,111.9,100.0,11.1,100.0,,,1.32,100.0
2024-04-08 00:45:00,275.5,100.0,,,109.6,100.0,11.25,100.0,,,1.42,100.0
2024-04-08 00:46:00,,,,,,,,,,,,
2024-04-08 00:50:00,266.4,100.0,,,110.0,100.0,11.05,100.0,,,,
2024-04-08 00:55:00,265.7,70.0,,,,70.0,10.9,70.0,,,,
2024-04-08 01:00:00,272.5,100.0,,,,100.0,10.9,100.0,,,,
2024-04-08 01:05:00,303.7,100.0,,,,100.0,11.1,100.0,,,,
2024-04-08 01:10:00,269.1,100.0,,,,100.0,10.65,100.0,,,,
2024-04-08 01:15:00,266.7,100.0,,,,100.0,10.5,100.0,,,,
2024-04-08 01:20:00,274.0,100.0,,,,100.0,10.6,100.0,,,,
2024-04-08 01:25:00,287.5,70.0,,,,70.0,10.2,70.0,,,,
2024-04-08 01:30:00,295.8,100.0,,,,100.0,10.1,100.0,,,,
2024-04-08 01:35:00,287.1,100.0,,,,100.0,9.8,100.0,,,,
2024-04-08 01:40:00,264.7,100.0,,,,100.0,9.6,100.0,,,,
2024-04-08 01:45:00,283.8,100.0,,,,100.0,9.4,100.0,,,,
2024-04-08 01:50:00,269.5,100.0,,,,100.0,9.1,100.0,,,,
2024-04-08 01:55:00,270.9,100.0,,,,100.0,8.9,100.0,,,,
2024-04-08 02:00:00,269.1,100.0,,,,100.0,8.8,100.0,,,,
2024-04-08 02:05:00,269.7,100.0,,,,100.0,8.6,100.0,,,,
2024-04-08 02:10:00,254.9,100.0,,,,100.0,8.1,100.0,,,,
2024-04-08 02:15:00,262.8,100.0,,,,100.0,8.1,100.0,,,,
2024-04-08 02:20:00,271.8,100.0,,,,100.0,8.0,100.0,,,,
2024-04-08 02:25:00,260.0,100.0,,,,100.0,7.7,100.0,,,,
2024-04-08 02:30:00,249.2,100.0,,,,100.0,7.1,100.0,,,,
2024-04-08 02:35:00,276.4,100.0,,,,100.0,7.3,100.0,,,,
2024-04-08 02:40:00,283.5,100.0,,,,100.0,7.2,100.0,,,,
2024-04-08 02:45:00,291.4,100.0,,,,100.0,7.1,100.0,,,,
2024-04-08 02:50:00,315.0,100.0,,,,100.0,7.1,100.0,,,,
2024-04-08 02:55:00,305.3,100.0,,,,100.0,6.9,100.0,,,,
2024-04-08 03:00:00,272.8,100.0,,,,100.0,6.0,100.0,,,,
2024-04-08 03:05:00,305.2,100.0,,,,100.0,6.5,100.0,,,,
2024-04-08 03:10:00,320.1,100.0,,,,100.0,6.6,100.0,,,,
2024-04-08 03:15:00,327.4,100.0,,,,100.0,6.5,100.0,,,,
2024-04-08 03:20:00,324.7,100.0,,,,100.0,6.1,100.0,,,,
2024-04-08 03:25:00,300.2,100.0,,,,100.0,5.0,100.0,,,,
2024-04-08 03:30:00,336.6,100.0,,,,100.0,6.0,100.0,,,,
2024-04-08 03:35:00,344.7,100.0,,,,100.0,6.1,100.0,,,,
2024-04-08 03:40:00,349.6,100.0,,,,100.0,6.1,100.0,,,,
2024-04-08 03:45:00,355.0,100.0,,,,100.0,6.1,100.0,,,,
2024-04-08 03:50:00,349.9,100.0,,,,100.0,6.0,100.0,,,,
2024-04-08 03:55:00,354.0,100.0,,,,100.0,6.1,100.0,,,,
2024-04-08 04:00:00,352.0,100.0,,,,100.0,6.1,100.0,,,,
2024-04-08 04:05:00,341.4,100.0,,,,100.0,5.9,100.0,,,,
2024-04-08 04:10:00,341.1,100.0,,,,100.0,5.9,100.0,,,,
2024-04-08 04:15:00,349.7,100.0,,,,100.0,6.0,100.0,,,,
2024-04-08 04:20:00,351.6,100.0,,,,100.0,6.0,100.0,,,,
2024-04-08 04:25:00,346.6,100.0,,,,100.0,5.9,100.0,,,,
2024-04-08 04:30:00,308.4,100.0,,,,100.0,4.8,100.0,,,,
2024-04-08 04:35:00,351.9,100.0,,,,100.0,6.0,100.0,,,,
2024-04-08 04:40:00,348.7,100.0,,,,100.0,6.0,100.0,,,,
2024-04-08 04:45:00,321.2,100.0,,,,100.0,5.1,100.0,,,,
2024-04-08 04:50:00,343.7,100.0,,,,100.0,6.0,100.0,,,,
2024-04-08 04:55:00,340.1,100.0,,,,100.0,5.9,100.0,,,,
2024-04-08 05:00:00,346.0,100.0,,,,100.0,5.9,100.0,,,,
2024-04-08 05:05:00,338.9,100.0,,,,100.0,5.8,100.0,,,,
2024-04-08 05:10:00,346.4,100.0,,,,100.0,5.9,100.0,,,,
2024-04-08 05:15:00,343.0,100.0,,,,100.0,5.8,100.0,,,,
2024-04-08 05:20:00,346.9,100.0,,,,100.0,5.8,100.0,,,,
2024-04-08 05:25:00,342.9,100.0,,,,100.0,5.7,100.0,,,,
2024-04-08 05:30:00,338.6,100.0,,,,100.0,5.7,100.0,,,,
2024-04-08 05:35:00,340.0,100.0,,,,100.0,5.8,100.0,,,,
2024-04-08 05:40:00,338.2,100.0,,,,100.0,5.8,100.0,,,,
2024-04-08 05:45:00,326.7,100.0,,,,100.0,5.7,100.0,,,,
2024-04-08 05:50:00,331.7,100.0,,,,100.0,5.8,100.0,,,,
2024-04-08 05:55:00,329.4,100.0,,,,100.0,5.7,100.0,,,,
2024-04-08 06:00:00,313.2,100.0,,,,100.0,5.1,100.0,,,,
2024-04-08 06:05:00,333.6,100.0,,,,100.0,5.7,100.0,,,,
2024-04-08 06:10:00,322.2,100.0,,,,100.0,5.1,100.0,,,,
2024-04-08 06:15:00,336.2,100.0,,,,100.0,5.5,100.0,,,,
2024-04-08 06:20:00,350.1,100.0,,,,100.0,5.5,100.0,,,,
2024-04-08 06:25:00,347.5,100.0,,,,100.0,5.4,100.0,,,,
2024-04-08 06:30:00,356.0,100.0,,,,100.0,5.5,100.0,,,,
2024-04-08 06:35:00,360.1,100.0,,,,100.0,5.5,100.0,,,,
2024-04-08 06:40:00,344.1,100.0,,,,100.0,5.2,100.0,,,,
2024-04-08 06:45:00,365.3,100.0,,,,100.0,5.5,100.0,,,,
2024-04-08 06:50:00,356.9,100.0,,,,100.0,5.4,100.0,,,,
2024-04-08 06:55:00,364.6,100.0,,,,100.0,5.5,100.0,,,,
2024-04-08 07:00:00,364.0,100.0,,,,100.0,5.5,100.0,,,,
2024-04-08 07:05:00,362.3,100.0,,,,100.0,5.5,100.0,,,,
2024-04-08 07:10:00,348.1,100.0,,,,100.0,5.2,100.0,,,,
2024-04-08 07:15:00,361.4,100.0,,,,100.0,5.4,100.0,,,,
2024-04-08 07:20:00,367.4,100.0,,,,100.0,5.4,100.0,,,,
2024-04-08 07:25:00,375.5,100.0,,,,100.0,5.5,100.0,,,,
2024-04-08 07:30:00,375.3,100.0,,,,100.0,5.5,100.0,,,,
2024-04-08 07:35:00,366.5,100.0,,,,100.0,5.3,100.0,,,,
2024-04-08 07:40:00,370.7,100.0,,,,100.0,5.5,100.0,,,,
2024-04-08 07:45:00,358.6,100.0,,,,100.0,5.4,100.0,,,,
2024-04-08 07:50:00,359.6,100.0,,,,100.0,5.5,100.0,,,,
2024-04-08 07:55:00,329.3,100.0,,,,100.0,4.7,100.0,,,,
2024-04-08 08:00:00,351.5,100.0,,,,100.0,5.4,100.0,,,,
2024-04-08 08:05:00,317.9,100.0,,,,100.0,4.4,100.0,,,,
2024-04-08 08:10:00,361.2,100.0,,,,100.0,5.4,100.0,,,,
2024-04-08 08:15:00,368.7,100.0,,,,100.0,5.5,100.0,,,,
2024-04-08 08:20:00,368.3,100.0,,,,100.0,5.5,100.0,,,,
2024-04-08 08:25:00,354.0,100.0,,,,100.0,5.3,100.0,,,,
2024-04-08 08:30:00,361.3,100.0,,,,100.0,5.4,100.0,,,,
2024-04-08 08:35:00,368.0,100.0,,,,100.0,5.5,100.0,,,,
2024-04-08 08:40:00,354.0,100.0,,,,100.0,5.3,100.0,,,,
2024-04-08 08:45:00,358.6,100.0,,,,100.0,5.4,100.0,,,,
2024-04-08 08:50:00,360.8,100.0,,,,100.0,5.5,100.0,,,,
2024-04-08 08:55:00,355.9,100.0,,,,100.0,5.5,100.0,,,,
2024-04-08 09:00:00,346.1,100.0,,,,100.0,5.4,100.0,,,,
2024-04-08 09:05:00,357.1,100.0,,,,100.0,5.6,100.0,,,,
2024-04-08 09:10:00,346.8,100.0,,,,100.0,5.5,100.0,,,,
2024-04-08 09:15:00,346.7,100.0,,,,100.0,5.5,100.0,,,,
2024-04-08 09:20:00,330.3,100.0,,,,100.0,5.1,100.0,,,,
2024-04-08 09:25:00,342.0,100.0,,,,100.0,5.4,100.0,,,,
2024-04-08 09:30:00,334.1,100.0,,,,100.0,5.4,100.0,,,,
2024-04-08 09:35:00,315.2,100.0,,,,100.0,3.7,100.0,,,,
2024-04-08 09:40:00,344.0,100.0,,,,100.0,5.5,100.0,,,,
2024-04-08 09:45:00,330.5,100.0,,,,100.0,5.3,100.0,,,,
2024-04-08 09:50:00,335.7,100.0,,,,100.0,5.4,100.0,,,,
2024-04-08 09:55:00,334.0,100.0,,,,100.0,5.4,100.0,,,,
2024-04-08 10:00:00,329.3,100.0,,,,100.0,5.4,100.0,,,,
2024-04-08 10:05:00,307.0,100.0,,,,100.0,4.6,100.0,,,,
2024-04-08 10:10:00,324.5,100.0,,,,100.0,5.4,100.0,,,,
2024-04-08 10:15:00,329.7,100.0,,,,100.0,5.4,100.0,,,,
2024-04-08 10:20:00,324.1,100.0,,,,100.0,5.4,100.0,,,,
2024-04-08 10:25:00,329.9,100.0,,,,100.0,5.4,100.0,,,,
2024-04-08 10:30:00,343.1,100.0,,,,100.0,5.6,100.0,,,,
2024-04-08 10:35:00,338.8,100.0,,,,100.0,5.6,100.0,,,,
2024-04-08 10:40:00,324.7,100.0,,,,100.0,5.4,100.0,,,,
2024-04-08 10:45:00,339.1,100.0,,,,100.0,5.6,100.0,,,,
2024-04-08 10:50:00,327.3,100.0,,,,100.0,5.4,100.0,,,,
2024-04-08 10:55:00,327.2,100.0,,,,100.0,5.5,100.0,,,,
2024-04-08 11:00:00,333.7,100.0,,,,100.0,5.7,100.0,,,,
2024-04-08 11:05:00,328.1,100.0,,,,100.0,5.7,100.0,,,,
2024-04-08 11:10:00,331.5,100.0,,,,100.0,5.6,100.0,,,,
2024-04-08 11:15:00,320.3,100.0,,,,100.0,5.6,100.0,,,,
2024-04-08 11:20:00,319.3,100.0,,,,100.0,5.6,100.0,,,,
2024-04-08 11:25:00,306.2,100.0,,,,100.0,5.4,100.0,,,,
2024-04-08 11:30:00,324.7,100.0,,,,100.0,5.6,100.0,,,,
2024-04-08 11:35:00,321.9,100.0,,,,100.0,5.7,100.0,,,,
2024-04-08 11:40:00,308.5,70.0,,,,70.0,5.6,70.0,,,,
2024-04-08 11:45:00,294.8,70.0,,,,70.0,5.5,70.0,,,,
2024-04-08 11:50:00,288.0,100.0,,,,100.0,5.5,100.0,,,,
2024-04-08 11:55:00,274.5,100.0,,,,100.0,5.4,100.0,,,,
2024-04-08 12:00:00,301.3,100.0,,,,100.0,6.25,100.0,,,,
2024-04-08 12:05:00,274.9,100.0,,,,100.0,6.05,100.0,,,,
2024-04-08 12:10:00,285.5,100.0,,,,100.0,6.5,100.0,,,,
2024-04-08 12:15:00,258.4,100.0,,,110.0,100.0,6.25,100.0,,,,
2024-04-08 12:20:00,268.8,100.0,,,118.7,100.0,6.75,100.0,,,1.62,100.0
2024-04-08 12:25:00,265.6,100.0,,,112.4,100.0,7.05,100.0,,,1.72,100.0
2024-04-08 12:30:00,270.5,100.0,,,110.0,100.0,7.35,100.0,,,,
2024-04-08 12:35:00,251.0,100.0,,,103.7,100.0,7.2,100.0,,,1.82,100.0
2024-04-08 12:40:00,253.7,100.0,,,110.0,100.0,7.45,100.0,,,,
2024-04-08 12:45:00,245.5,100.0,,,110.0,100.0,7.6,100.0,,,2.22,100.0
2024-04-08 12:50:00,259.5,100.0,,,118.5,100.0,7.9,100.0,,,1.82,100.0
2024-04-08 12:55:00,215.9,70.0,164.5,70.0,94.8,70.0,6.75,70.0,3.05,70.0,1.92,70.0
2024-04-08 13:00:00,240.6,100.0,,,110.0,100.0,7.65,100.0,,,,
2024-04-08 13:05:00,257.7,100.0,,,98.1,100.0,8.1,100.0,,,2.02,100.0
2024-04-08 13:10:00,244.4,50.0,,,104.4,50.0,7.9,50.0,,,2.32,50.0
2024-04-08 13:15:00,253.7,100.0,,,110.0,100.0,8.607,100.0,,,,
2024-04-08 13:20:00,257.9,100.0,,,107.4,100.0,8.8,100.0,,,2.42,100.0
2024-04-08 13:25:00,257.2,100.0,,,105.3,100.0,8.85,100.0,,,2.72,100.0
2024-04-08 13:30:00,221.1,100.0,,,110.0,100.0,8.05,100.0,,,,
2024-04-08 13:35:00,235.6,70.0,174.0,70.0,98.8,70.0,8.55,70.0,3.85,70.0,2.42,70.0
2024-04-08 13:40:00,238.2,70.0,,,92.8,70.0,8.8,70.0,,,2.42,70.0
2024-04-08 13:45:00,237.3,100.0,,,103.2,100.0,8.6,100.0,,,2.62,100.0
2024-04-08 13:50:00,252.9,100.0,,,110.0,100.0,8.8,100.0,,,,
2024-04-08 13:55:00,255.5,100.0,,,108.5,100.0,8.8,100.0,,,3.02,100.0
2024-04-08 14:00:00,260.2,100.0,150.8,100.0,101.2,100.0,8.95,100.0,3.75,100.0,2.62,100.0
2024-04-08 14:05:00,250.0,100.0,,,101.0,100.0,9.05,100.0,,,3.02,100.0
2024-04-08 14:10:00,228.6,100.0,,,110.0,100.0,8.35,100.0,,,,
2024-04-08 14:15:00,228.2,100.0,,,97.2,100.0,8.9,100.0,,,3.22,100.0
2024-04-08 14:20:00,236.2,100.0,,,97.4,100.0,9.05,100.0,,,3.12,100.0
2024-04-08 14:25:00,253.0,70.0,,,97.1,70.0,9.0,70.0,,,3.02,70.0
2024-04-08 14:30:00,232.8,100.0,,,89.6,100.0,8.8,100.0,,,3.42,100.0
2024-04-08 14:35:00,256.8,100.0,,,90.3,100.0,9.05,100.0,,,3.02,100.0
2024-04-08 14:40:00,249.2,100.0,163.8,100.0,110.0,100.0,8.85,100.0,4.42,100.0,,
2024-04-08 14:45:00,255.0,100.0,160.9,100.0,98.7,100.0,8.75,100.0,4.65,100.0,3.22,100.0
2024-04-08 14:50:00,264.2,100.0,156.1,100.0,110.0,100.0,8.75,100.0,4.65,100.0,2.82,100.0
2024-04-08 14:55:00,279.1,100.0,,,91.5,100.0,8.95,100.0,,,3.22,100.0
2024-04-08 15:00:00,277.5,100.0,173.6,100.0,88.5,100.0,8.95,100.0,4.65,100.0,3.02,100.0
2024-04-08 15:05:00,268.6,100.0,,,90.0,100.0,9.15,100.0,,,3.22,100.0
2024-04-08 15:10:00,266.7,100.0,164.8,100.0,102.3,100.0,9.15,100.0,5.15,100.0,3.52,100.0
2024-04-08 15:15:00,258.7,70.0,167.1,70.0,97.7,70.0,9.15,70.0,5.05,70.0,3.32,70.0
2024-04-08 15:20:00,254.1,100.0,158.8,100.0,89.8,100.0,9.05,100.0,5.25,100.0,3.22,100.0
2024-04-08 15:25:00,261.3,100.0,159.3,100.0,110.0,100.0,9.05,100.0,4.9,100.0,,
2024-04-08 15:30:00,272.5,100.0,162.6,100.0,100.0,100.0,9.05,100.0,4.95,100.0,3.22,100.0
2024-04-08 15:35:00,276.1,100.0,157.7,100.0,90.8,100.0,9.05,100.0,5.05,100.0,3.22,100.0
2024-04-08 15:40:00,292.3,100.0,168.5,100.0,93.8,100.0,9.15,100.0,5.05,100.0,3.32,100.0
2024-04-08 15:45:00,274.9,100.0,136.4,100.0,93.1,100.0,9.05,100.0,4.45,100.0,3.62,100.0
2024-04-08 15:50:00,255.0,100.0,178.5,100.0,110.0,100.0,8.35,100.0,4.95,100.0,,
2024-04-08 15:55:00,283.8,100.0,182.5,100.0,107.2,100.0,9.55,100.0,5.25,100.0,3.22,100.0
2024-04-08 16:00:00,297.7,100.0,,,110.0,100.0,9.75,100.0,,,,
2024-04-08 16:05:00,292.8,100.0,181.2,100.0,119.1,100.0,9.85,100.0,5.31,100.0,3.22,100.0
2024-04-08 16:10:00,274.3,70.0,162.3,70.0,97.2,70.0,9.75,70.0,5.25,70.0,3.22,70.0
2024-04-08 16:15:00,238.5,70.0,153.4,70.0,97.0,70.0,8.65,70.0,4.95,70.0,3.52,70.0
2024-04-08 16:20:00,250.8,100.0,163.6,100.0,101.5,100.0,9.15,100.0,4.85,100.0,3.62,100.0
2024-04-08 16:25:00,277.1,100.0,149.9,100.0,100.8,100.0,10.35,100.0,4.95,100.0,3.92,100.0
2024-04-08 16:30:00,277.3,100.0,164.4,100.0,108.4,100.0,10.25,100.0,5.05,100.0,3.42,100.0
2024-04-08 16:35:00,285.2,100.0,172.3,100.0,110.0,100.0,10.45,100.0,5.4,100.0,,
2024-04-08 16:40:00,290.2,100.0,165.6,100.0,110.0,100.0,10.55,100.0,5.2,100.0,,
2024-04-08 16:45:00,275.0,100.0,,,110.0,100.0,10.3,100.0,,,,
2024-04-08 16:50:00,277.3,100.0,167.6,100.0,101.1,100.0,10.65,100.0,5.31,100.0,3.62,100.0
2024-04-08 16:55:00,286.1,100.0,194.0,100.0,110.0,100.0,10.65,100.0,5.15,100.0,,
2024-04-08 17:00:00,272.7,100.0,170.5,100.0,103.4,100.0,10.55,100.0,5.52,100.0,3.82,100.0
2024-04-08 17:05:00,258.4,100.0,163.6,100.0,96.5,100.0,10.05,100.0,5.3,100.0,3.52,100.0
2024-04-08 17:10:00,266.4,70.0,165.3,70.0,110.0,70.0,10.55,70.0,5.45,70.0,,
2024-04-08 17:15:00,,,,,120.5,0.0,11.1,0.0,5.5,0.0,3.62,0.0
2024-04-08 17:20:00,263.6,100.0,174.3,100.0,110.0,100.0,10.35,100.0,5.15,100.0,,
2024-04-08 17:25:00,270.3,100.0,175.0,100.0,110.0,100.0,10.55,100.0,5.25,100.0,,
2024-04-08 17:30:00,292.7,100.0,180.3,100.0,101.2,100.0,11.25,100.0,5.25,100.0,3.42,100.0
2024-04-08 17:35:00,268.6,100.0,178.1,100.0,111.0,100.0,10.55,100.0,5.15,100.0,3.52,100.0
2024-04-08 17:40:00,264.3,100.0,187.6,100.0,110.0,100.0,10.25,100.0,5.15,100.0,,
2024-04-08 17:45:00,,,,,110.0,0.0,11.3,0.0,4.9,0.0,,
2024-04-08 17:50:00,286.7,100.0,153.2,100.0,110.0,100.0,11.35,100.0,4.55,100.0,,
2024-04-08 17:55:00,263.6,100.0,173.6,100.0,110.0,100.0,10.55,100.0,5.25,100.0,,
2024-04-08 18:00:00,290.7,100.0,,,97.5,100.0,11.1,100.0,,,3.72,100.0
2024-04-08 18:05:00,296.3,0.0,,,90.3,0.0,11.15,0.0,,,3.62,0.0
2024-04-08 18:10:00,279.9,0.0,,,97.8,0.0,10.65,0.0,,,3.42,0.0
2024-04-08 18:15:00,264.8,100.0,,,110.0,100.0,9.85,100.0,,,,
2024-04-08 18:20:00,267.1,100.0,,,105.3,100.0,9.85,100.0,,,3.32,100.0
2024-04-08 18:25:00,292.4,100.0,,,113.8,100.0,10.75,100.0,,,3.42,100.0
2024-04-08 18:30:00,285.7,100.0,,,119.6,100.0,10.65,100.0,,,3.52,100.0
2024-04-08 18:35:00,267.1,100.0,,,110.0,100.0,10.15,100.0,,,,
2024-04-08 18:40:00,254.1,100.0,,,110.0,100.0,9.85,100.0,,,,
2024-04-08 18:45:00,288.4,100.0,,,116.1,100.0,10.65,100.0,,,3.32,100.0
2024-04-08 18:50:00,282.0,100.0,,,108.6,100.0,10.55,100.0,,,3.42,100.0
2024-04-08 18:55:00,284.0,100.0,,,110.0,100.0,10.65,100.0,,,,
2024-04-08 19:00:00,268.0,100.0,,,110.0,100.0,10.15,100.0,,,,
2024-04-08 19:05:00,261.6,100.0,,,114.5,100.0,9.9,100.0,,,3.72,100.0
2024-04-08 19:10:00,268.0,100.0,164.1,100.0,100.9,100.0,9.85,100.0,4.25,100.0,3.32,100.0
2024-04-08 19:15:00,266.8,100.0,167.4,100.0,99.4,100.0,9.95,100.0,4.41,100.0,3.42,100.0
2024-04-08 19:20:00,258.4,100.0,,,93.7,100.0,9.5,100.0,,,3.52,100.0
2024-04-08 19:25:00,290.8,100.0,174.4,100.0,110.0,100.0,10.55,100.0,4.75,100.0,,
2024-04-08 19:30:00,275.7,100.0,,,120.2,100.0,10.3,100.0,,,3.72,100.0
2024-04-08 19:35:00,239.3,100.0,163.7,100.0,85.8,100.0,8.95,100.0,4.71,100.0,3.22,100.0
2024-04-08 19:40:00,254.8,100.0,158.0,100.0,93.4,100.0,9.95,100.0,5.1,100.0,3.72,100.0
2024-04-08 19:45:00,279.0,70.0,146.7,70.0,89.6,70.0,10.65,70.0,4.55,70.0,3.52,70.0
2024-04-08 19:50:00,273.7,100.0,163.5,100.0,110.0,100.0,10.55,100.0,5.25,100.0,,
2024-04-08 19:55:00,275.1,70.0,177.6,70.0,107.3,70.0,10.55,70.0,5.35,70.0,3.42,70.0
2024-04-08 20:00:00,286.1,100.0,175.6,100.0,110.0,100.0,10.75,100.0,5.55,100.0,,
2024-04-08 20:05:00,301.8,100.0,161.4,100.0,110.0,100.0,11.25,100.0,5.15,100.0,,
2024-04-08 20:10:00,269.9,100.0,156.4,100.0,101.9,100.0,10.65,100.0,5.0,100.0,3.42,100.0
2024-04-08 20:15:00,273.4,100.0,176.5,100.0,123.3,100.0,10.55,100.0,5.2,100.0,3.32,100.0
2024-04-08 20:20:00,244.3,100.0,174.1,100.0,93.6,100.0,9.75,100.0,5.6,100.0,3.42,100.0
2024-04-08 20:25:00,258.0,100.0,176.1,100.0,110.0,100.0,9.85,100.0,5.25,100.0,,
2024-04-08 20:30:00,271.2,100.0,165.1,100.0,99.1,100.0,10.35,100.0,5.3,100.0,3.42,100.0
2024-04-08 20:35:00,289.6,100.0,171.2,100.0,110.0,100.0,10.65,100.0,5.3,100.0,,
2024-04-08 20:40:00,281.7,70.0,150.3,70.0,105.3,70.0,10.55,70.0,4.65,70.0,3.32,70.0
2024-04-08 20:45:00,267.3,70.0,170.1,70.0,95.5,70.0,10.25,70.0,5.15,70.0,3.62,70.0
2024-04-08 20:50:00,260.8,100.0,174.6,100.0,118.5,100.0,9.65,100.0,4.8,100.0,3.22,100.0
2024-04-08 20:55:00,260.1,70.0,165.0,70.0,95.6,70.0,9.95,70.0,5.0,70.0,3.52,70.0
2024-04-08 21:00:00,245.2,70.0,165.6,70.0,110.0,70.0,9.55,70.0,5.45,70.0,,
2024-04-08 21:05:00,280.6,100.0,180.3,100.0,110.0,100.0,10.85,100.0,5.35,100.0,,
2024-04-08 21:10:00,281.9,100.0,,,108.6,100.0,10.65,100.0,,,3.42,100.0
2024-04-08 21:15:00,265.9,100.0,173.6,100.0,101.6,100.0,10.65,100.0,5.25,100.0,3.82,100.0
2024-04-08 21:20:00,254.6,70.0,,,93.3,70.0,10.5,70.0,,,3.52,70.0
2024-04-08 21:25:00,244.2,100.0,159.1,100.0,102.5,100.0,9.75,100.0,4.75,100.0,3.42,100.0
2024-04-08 21:30:00,278.2,100.0,186.7,100.0,110.0,100.0,10.65,100.0,5.01,100.0,,
2024-04-08 21:35:00,238.4,100.0,159.3,100.0,85.7,100.0,9.35,100.0,5.01,100.0,3.22,100.0
2024-04-08 21:40:00,264.1,100.0,143.7,100.0,102.8,100.0,10.25,100.0,4.25,100.0,3.42,100.0
2024-04-08 21:45:00,261.4,100.0,174.2,100.0,106.6,100.0,10.05,100.0,4.81,100.0,3.32,100.0
2024-04-08 21:50:00,262.0,100.0,163.4,100.0,110.0,100.0,10.05,100.0,4.65,100.0,,
2024-04-08 21:55:00,270.4,100.0,,,90.0,100.0,10.25,100.0,,,3.22,100.0
2024-04-08 22:00:00,267.9,100.0,168.4,100.0,110.0,100.0,10.35,100.0,4.91,100.0,,
2024-04-08 22:05:00,279.1,70.0,166.2,70.0,101.1,70.0,10.65,70.0,5.01,70.0,3.52,70.0
2024-04-08 22:10:00,285.3,100.0,168.5,100.0,108.6,100.0,10.75,100.0,4.65,100.0,2.92,100.0
2024-04-08 22:15:00,254.1,100.0,153.2,100.0,108.4,100.0,9.85,100.0,4.01,100.0,3.32,100.0
2024-04-08 22:20:00,261.3,100.0,,,98.4,100.0,10.3,100.0,,,3.32,100.0
2024-04-08 22:25:00,245.1,100.0,163.2,100.0,93.7,100.0,9.65,100.0,4.85,100.0,3.22,100.0
2024-04-08 22:30:00,271.1,100.0,148.6,100.0,94.3,100.0,10.65,100.0,4.12,100.0,3.12,100.0
2024-04-08 22:35:00,255.9,100.0,178.0,100.0,110.0,100.0,10.05,100.0,4.6,100.0,,
2024-04-08 22:40:00,268.6,70.0,,,97.4,70.0,10.4,70.0,,,3.22,70.0
2024-04-08 22:45:00,260.0,100.0,,,101.9,100.0,10.0,100.0,,,2.92,100.0
2024-04-08 22:50:00,274.8,100.0,,,110.0,100.0,10.3,100.0,,,,
2024-04-08 22:55:00,279.3,100.0,,,110.0,100.0,10.35,100.0,,,,
2024-04-08 23:00:00,278.3,100.0,,,98.7,100.0,10.35,100.0,,,2.82,100.0
2024-04-08 23:05:00,284.7,100.0,,,110.0,100.0,10.35,100.0,,,,
2024-04-08 23:10:00,266.6,100.0,,,102.1,100.0,10.05,100.0,,,3.02,100.0
2024-04-08 23:15:00,263.2,100.0,,,93.8,100.0,9.8,100.0,,,2.72,100.0
2024-04-08 23:20:00,269.2,100.0,,,99.9,100.0,10.25,100.0,,,2.82,100.0
2024-04-08 23:25:00,265.6,100.0,,,106.5,100.0,10.05,100.0,,,3.12,100.0
2024-04-08 23:30:00,277.2,100.0,,,94.8,100.0,10.1,100.0,,,2.42,100.0
2024-04-08 23:35:00,249.0,100.0,,,113.9,100.0,9.0,100.0,,,2.32,100.0
2024-04-08 23:40:00,264.8,100.0,,,98.1,100.0,9.85,100.0,,,2.62,100.0
2024-04-08 23:45:00,266.2,100.0,,,108.2,100.0,9.85,100.0,,,2.22,100.0
2024-04-08 23:50:00,261.2,70.0,,,98.8,70.0,10.2,70.0,,,2.62,70.0
2024-04-08 23:55:00,274.1,100.0,,,110.0,100.0,10.65,100.0,,,2.32,100.0
